NC_001474,NP_739589.2,248,0,248,0.0
NC_001781,NP_056857.1,125,0,125,0.0
NC_001526,NP_041325.1,159,0,159,0.0
NC_009334,YP_001129459.1,279,0,279,0.0
NC_011202,YP_002213817.1,192,0,192,0.0
NC_038270,YP_009505435.1,603,0,603,0.0
NC_038878,YP_009505610.1,2143,0,2143,0.0
NC_003977,YP_009173867.1,155,0,155,0.0
NC_006273,YP_081597.1,282,151,131,0.5354609929078015
NC_009823,YP_009272620.1,191,0,191,0.0
NC_038235,YP_009518860.1,2166,0,2166,0.0
NC_012532,YP_009227196.1,104,0,104,0.0
NC_003045,NP_150077.1,1364,23,1327,0.01686217008797654
NC_007605,YP_401681.1,810,0,810,0.0
NC_006273,YP_081506.1,2242,0,2242,0.0
NC_007605,YP_401641.1,384,0,384,0.0
NC_009334,YP_001129496.1,707,23,667,0.03253182461103253
NC_004296,NP_694870.1,492,50,442,0.1016260162601626
NC_000858,NP_049560.1,1218,37,1181,0.030377668308702793
NC_001547,NP_740677.1,439,0,439,0.0
NC_006273,YP_081518.1,947,0,947,0.0
NC_001796,NP_067153.2,2234,0,2234,0.0
NC_010956,YP_001974455.1,174,0,174,0.0
NC_035889,YP_009430298.1,93,0,93,0.0
NC_007605,YP_401691.1,337,0,337,0.0
NC_012959,YP_003038598.1,192,0,192,0.0
NC_001475,YP_001531165.2,114,0,114,0.0
NC_001477,NP_733808.1,218,0,218,0.0
NC_007605,YP_401664.1,279,0,279,0.0
NC_006273,YP_081596.1,216,23,177,0.10648148148148148
NC_006273,YP_081599.1,311,144,167,0.4630225080385852
NC_001526,NP_041328.1,366,0,366,0.0
NC_007605,YP_401654.1,365,0,365,0.0
NC_006273,YP_081598.1,262,149,113,0.5687022900763359
NC_009334,YP_001129499.1,571,0,571,0.0
NC_001617,NP_740391.1,69,0,69,0.0
NC_001498,YP_003873249.2,300,0,300,0.0
NC_007605,YP_401679.1,256,0,256,0.0
NC_038882,YP_009709864.1,63,0,63,0.0
NC_010956,YP_001974428.1,520,0,520,0.0
NC_038270,YP_009505438.1,354,0,354,0.0
NC_007605,YP_401637.1,384,0,384,0.0
NC_001474,NP_739587.2,618,0,618,0.0
NC_044047,YP_009684410.1,180,0,180,0.0
NC_011202,YP_002213801.1,140,0,140,0.0
NC_001526,NP_041327.2,650,0,650,0.0
NC_003899,NP_740649.1,532,0,532,0.0
NC_038294,YP_009944292.1,193,0,193,0.0
NC_009334,YP_001129446.1,337,0,337,0.0
NC_001348,NP_040155.1,144,0,144,0.0
NC_040876,YP_009684405.1,510,0,510,0.0
NC_001612,NP_740534.1,22,0,22,0.0
NC_011202,YP_002213825.1,135,24,91,0.17777777777777778
NC_006273,YP_081516.1,1236,0,1236,0.0
NC_001348,NP_040184.1,1311,0,1311,0.0
NC_006273,YP_081526.1,432,161,271,0.3726851851851852
NC_009334,YP_001129514.1,61,20,41,0.32786885245901637
NC_007543,YP_392486.1,403,0,403,0.0
NC_007605,YP_401697.1,1382,0,1382,0.0
NC_004455,NP_758891.1,118,0,118,0.0
NC_001461,NP_776268.1,64,0,64,0.0
NC_006273,YP_081472.1,474,0,474,0.0
NC_019843,YP_009047229.1,193,0,193,0.0
NC_001477,NP_722459.2,75,0,75,0.0
NC_012959,YP_003038615.1,713,0,713,0.0
NC_009825,YP_009272641.1,54,0,54,0.0
NC_009825,YP_009272642.1,261,0,261,0.0
NC_007605,YP_401636.1,507,0,507,0.0
NC_012959,YP_003038602.1,449,0,449,0.0
NC_001526,YP_009268707.1,51,0,51,0.0
NC_001477,YP_009164956.1,91,0,91,0.0
NC_007605,YP_401671.1,993,0,993,0.0
NC_001653,NP_597693.2,215,0,215,0.0
NC_029647,YP_009238495.1,174,0,174,0.0
NC_048213,YP_009824998.1,1154,24,1112,0.02079722703639515
NC_039477,YP_009518848.1,181,0,181,0.0
NC_001348,NP_040140.1,456,0,456,0.0
NC_006273,YP_081550.1,698,0,698,0.0
NC_009824,YP_001491550.1,192,0,192,0.0
NC_001348,NP_040163.1,1397,0,1397,0.0
NC_039199,YP_009513266.1,295,0,295,0.0
NC_045512,YP_009725302.1,290,0,290,0.0
NC_009823,YP_009272621.1,192,10,182,0.052083333333333336
NC_007605,YP_401715.3,686,0,686,0.0
NC_006273,YP_081478.1,99,0,99,0.0
NC_009825,YP_009272635.1,191,0,191,0.0
NC_044854,YP_009701460.1,399,0,399,0.0
NC_007572,YP_392514.1,745,0,745,0.0
NC_012532,YP_009227204.1,251,0,251,0.0
NC_006273,YP_081595.1,186,23,139,0.12365591397849462
NC_006273,YP_004940332.1,58,0,58,0.0
NC_001475,YP_001531168.2,493,0,493,0.0
NC_011202,YP_002213813.1,210,0,210,0.0
NC_009824,YP_001491554.1,54,0,54,0.0
NC_012959,YP_003038631.1,131,15,116,0.11450381679389313
NC_001436,NP_955617.1,130,0,130,0.0
NC_006273,YP_081535.1,942,0,942,0.0
NC_001348,NP_040151.1,1195,0,1195,0.0
NC_010956,YP_001974448.1,375,0,375,0.0
NC_007605,YP_401703.1,571,0,571,0.0
NC_009334,YP_001129497.1,608,0,608,0.0
NC_010956,YP_001974449.1,560,0,560,0.0
NC_001563,NP_776015.1,352,0,352,0.0
NC_006273,YP_081493.1,408,0,408,0.0
NC_004297,NP_694871.1,100,0,100,0.0
NC_001489,NP_740549.1,21,0,21,0.0
NC_001477,NP_733807.2,166,0,166,0.0
NC_012532,YP_009227200.1,226,0,226,0.0
NC_001461,NP_776260.1,102,0,102,0.0
NC_001612,NP_740527.1,254,0,254,0.0
NC_035889,YP_009430295.1,122,0,122,0.0
NC_009334,YP_001129500.1,273,0,273,0.0
NC_045512,YP_009742608.1,180,0,180,0.0
NC_011510,YP_002302230.1,777,0,777,0.0
NC_006383,YP_133823.2,298,0,298,0.0
NC_006273,YP_081456.1,96,0,96,0.0
NC_006273,YP_081585.1,63,22,41,0.3492063492063492
NC_006273,YP_081481.1,106,0,86,0.0
NC_009334,YP_001129441.1,455,0,455,0.0
NC_006273,YP_081514.1,908,20,867,0.022026431718061675
NC_001563,YP_009164952.1,404,21,383,0.05198019801980198
NC_002640,NP_740315.1,166,0,166,0.0
NC_007605,YP_401698.1,751,0,751,0.0
NC_001781,NP_056866.1,2167,0,2167,0.0
NC_035889,YP_009430296.1,104,0,104,0.0
NC_011203,YP_002213783.1,235,0,235,0.0
NC_009334,YP_001129489.1,78,0,78,0.0
NC_001699,NP_043509.1,345,19,326,0.05507246376811594
NC_001348,NP_040167.1,364,0,364,0.0
NC_009334,YP_001129515.1,372,128,244,0.34408602150537637
NC_006213,YP_009555259.1,89,5,84,0.056179775280898875
NC_006273,YP_081594.1,248,27,198,0.10887096774193548
NC_001612,NP_740526.1,69,0,69,0.0
NC_009334,YP_001129476.1,614,0,614,0.0
NC_011202,YP_002213821.1,167,26,122,0.15568862275449102
NC_011202,YP_002213841.1,449,0,449,0.0
NC_006273,YP_081466.1,281,26,192,0.09252669039145907
NC_001474,NP_739586.2,130,0,130,0.0
NC_006273,YP_081461.1,294,20,255,0.06802721088435375
NC_044047,YP_009684408.1,170,0,170,0.0
NC_009824,YP_001491552.1,217,0,217,0.0
NC_011202,YP_002213810.1,77,0,77,0.0
NC_001355,NP_040299.1,369,0,369,0.0
NC_004455,NP_758887.1,1011,0,1011,0.0
NC_011202,YP_002213799.1,181,0,181,0.0
NC_002058,NP_740473.1,329,0,329,0.0
NC_009334,YP_001129477.1,279,0,279,0.0
NC_007605,YP_401665.1,103,19,52,0.18446601941747573
NC_006273,YP_081573.1,177,22,135,0.12429378531073447
NC_006273,YP_081542.1,534,0,534,0.0
NC_001348,NP_040156.1,606,0,606,0.0
NC_010956,YP_001974458.1,197,25,157,0.12690355329949238
NC_006273,YP_081589.1,200,38,162,0.19
NC_010956,YP_001974451.1,335,0,335,0.0
NC_007605,YP_401632.1,379,254,125,0.6701846965699209
NC_001475,YP_001531169.2,352,0,352,0.0
NC_010956,YP_001974427.1,490,0,490,0.0
NC_006273,YP_081479.1,339,28,303,0.08259587020648967
NC_038294,YP_009944281.1,193,0,193,0.0
NC_004455,NP_758888.1,213,0,213,0.0
NC_009827,YP_009272659.1,191,0,191,0.0
NC_009334,YP_001129484.1,333,0,333,0.0
NC_006273,YP_081578.1,170,22,148,0.12941176470588237
NC_007605,YP_401706.1,249,24,208,0.0963855421686747
NC_011202,YP_002213826.1,136,0,136,0.0
NC_011202,YP_002213843.1,657,0,657,0.0
NC_007605,YP_401718.3,183,0,183,0.0
NC_006383,YP_133821.1,526,0,526,0.0
NC_007605,YP_401673.1,246,0,246,0.0
NC_001959,NP_786947.1,201,0,201,0.0
NC_001461,NP_776265.1,70,0,70,0.0
NC_007605,YP_401675.1,311,0,311,0.0
NC_006273,YP_081467.1,223,23,163,0.1031390134529148
NC_009942,YP_005097850.1,123,0,123,0.0
NC_007605,YP_401688.1,430,0,430,0.0
NC_009827,YP_009272668.1,591,0,591,0.0
NC_007605,YP_401651.1,177,0,177,0.0
NC_002058,NP_740474.1,87,0,87,0.0
NC_005148,NP_937956.1,315,0,315,0.0
NC_012959,YP_003038605.1,373,0,373,0.0
NC_009334,YP_001129485.1,691,0,691,0.0
NC_002640,NP_740313.1,99,0,99,0.0
NC_006273,YP_081608.1,593,0,593,0.0
NC_009334,YP_001129472.1,138,0,116,0.0
NC_044855,YP_009701458.1,181,0,181,0.0
NC_001427,NP_056775.1,450,0,450,0.0
NC_004441,NP_758520.1,2169,13,2156,0.00599354541263255
NC_048213,YP_009824999.1,58,0,58,0.0
NC_008311,YP_724460.1,183,0,183,0.0
NC_003899,NP_740644.1,260,0,260,0.0
NC_010956,YP_001974423.1,183,0,183,0.0
NC_001549,NP_054372.1,855,24,812,0.028070175438596492
NC_001414,NP_777381.1,217,0,217,0.0
NC_009334,YP_001129480.1,76,0,76,0.0
NC_002200,NP_054707.1,550,0,550,0.0
NC_029646,YP_009238487.1,366,0,366,0.0
NC_044932,YP_009701450.1,179,0,179,0.0
NC_006273,YP_081602.1,294,148,146,0.5034013605442177
NC_009334,YP_001129510.1,1129,0,1129,0.0
NC_006213,YP_009555258.1,287,6,281,0.020905923344947737
NC_001430,NP_740745.1,22,0,22,0.0
NC_038270,YP_009505441.1,2234,0,2234,0.0
NC_001612,NP_740529.1,297,0,297,0.0
NC_006273,YP_081483.2,359,0,359,0.0
NC_001348,NP_040127.1,453,0,453,0.0
NC_006213,YP_009555253.1,137,0,137,0.0
NC_006273,YP_081498.1,222,22,164,0.0990990990990991
NC_007605,YP_401693.1,226,0,226,0.0
NC_001348,NP_040143.1,484,0,484,0.0
NC_004718,YP_009944372.1,83,0,83,0.0
NC_001593,NP_597793.1,67,0,67,0.0
NC_012959,YP_003038630.1,118,0,118,0.0
NC_001549,NP_054370.1,220,0,220,0.0
NC_009824,YP_009272632.1,63,0,63,0.0
NC_011202,YP_002213819.1,106,0,106,0.0
NC_001355,NP_040302.1,73,19,54,0.2602739726027397
NC_012532,YP_009227206.1,122,0,122,0.0
NC_001437,NP_775662.1,105,0,105,0.0
NC_007544,YP_392487.1,395,0,395,0.0
NC_009334,YP_001129475.1,810,0,810,0.0
NC_001357,NP_040315.1,74,0,74,0.0
NC_012959,YP_003038617.1,228,0,228,0.0
NC_038235,YP_009518852.1,392,0,392,0.0
NC_001563,NP_776016.1,231,0,231,0.0
NC_001348,NP_040164.1,317,0,317,0.0
NC_012532,YP_009227202.1,617,0,617,0.0
NC_006273,YP_081603.1,275,153,122,0.5563636363636364
NC_001897,NP_740731.1,143,0,143,0.0
NC_038882,YP_009709861.1,191,0,191,0.0
NC_004455,NP_758892.1,867,23,829,0.0265282583621684
NC_009826,YP_009272654.1,261,0,261,0.0
NC_007605,YP_401683.1,279,0,279,0.0
NC_012959,YP_003038600.1,496,0,496,0.0
NC_006273,YP_081477.1,369,24,327,0.06504065040650407
NC_001348,NP_040146.1,236,0,236,0.0
NC_007605,YP_401711.1,313,167,146,0.5335463258785943
NC_011202,YP_002213820.1,132,23,87,0.17424242424242425
NC_001699,NP_043511.1,355,0,355,0.0
NC_006273,YP_081515.1,851,0,851,0.0
NC_006273,YP_081586.1,640,0,640,0.0
NC_001348,YP_068407.1,303,0,303,0.0
NC_001542,NP_056797.1,2143,0,2143,0.0
NC_009334,YP_001129470.1,538,0,538,0.0
NC_001355,NP_040297.1,99,0,99,0.0
NC_001563,NP_776011.1,123,0,123,0.0
NC_010956,YP_001974433.1,48,0,48,0.0
NC_001357,NP_040310.1,159,0,159,0.0
NC_003045,NP_150082.1,231,72,159,0.3116883116883117
NC_011203,YP_002213784.1,200,0,200,0.0
NC_006273,YP_081482.1,285,0,285,0.0
NC_012959,YP_003038603.1,1092,0,1092,0.0
NC_039477,YP_009518846.1,177,0,177,0.0
NC_001348,NP_040175.1,332,0,332,0.0
NC_001781,NP_056861.1,66,25,41,0.3787878787878788
NC_006273,YP_081485.1,189,0,189,0.0
NC_038270,YP_009505436.1,374,0,374,0.0
NC_002640,NP_740323.1,23,0,23,0.0
NC_009334,YP_001129495.1,405,0,405,0.0
NC_001477,NP_722467.1,23,0,23,0.0
NC_006273,YP_081475.1,231,25,181,0.10822510822510822
NC_001461,NP_776264.2,444,0,444,0.0
NC_001414,NP_777380.1,26,0,26,0.0
NC_001542,NP_056794.1,298,0,298,0.0
NC_011203,YP_002213796.1,320,0,320,0.0
NC_001489,NP_740555.1,335,0,335,0.0
NC_009334,YP_001129445.1,136,0,136,0.0
NC_000940,NP_051036.1,165,6,159,0.03636363636363636
NC_004718,NP_828865.1,83,0,83,0.0
NC_009334,YP_001129502.1,346,0,346,0.0
NC_006273,YP_081581.1,258,41,217,0.15891472868217055
NC_012959,YP_003038607.1,517,0,517,0.0
NC_001547,NP_740676.1,55,0,55,0.0
NC_006273,YP_081612.1,355,167,188,0.4704225352112676
NC_001472,NP_740540.1,278,0,278,0.0
NC_039477,YP_009518847.1,133,0,133,0.0
NC_007605,YP_401653.1,1240,0,1240,0.0
NC_001617,NP_740396.1,95,0,95,0.0
NC_011202,YP_002213800.1,495,0,495,0.0
NC_001414,NP_777386.1,134,0,134,0.0
NC_006273,YP_081458.1,171,24,124,0.14035087719298245
NC_011203,YP_002213839.1,130,0,130,0.0
NC_006273,YP_004940330.1,48,25,23,0.5208333333333334
NC_010624,YP_052971.2,558,0,558,0.0
NC_006273,YP_007947989.1,80,0,80,0.0
NC_006273,YP_081584.1,78,29,49,0.3717948717948718
NC_001796,NP_599251.1,200,0,200,0.0
NC_007605,YP_401650.1,592,0,592,0.0
NC_011504,YP_002302223.1,176,0,176,0.0
NC_004718,YP_009944371.1,290,16,274,0.05517241379310345
NC_001348,NP_040154.2,932,40,892,0.04291845493562232
NC_001781,NP_056860.1,257,0,257,0.0
NC_006273,YP_081591.1,183,24,140,0.13114754098360656
NC_007605,YP_401635.1,384,0,384,0.0
NC_007605,YP_401709.1,470,0,470,0.0
NC_001542,NP_056796.1,525,24,483,0.045714285714285714
NC_012532,YP_009227198.1,500,0,500,0.0
NC_011202,YP_002213807.1,562,0,562,0.0
NC_011501,YP_002302220.1,316,0,316,0.0
NC_001802,NP_705926.1,99,0,99,0.0
NC_029647,YP_009238493.1,323,0,323,0.0
NC_009942,YP_001527887.1,905,0,905,0.0
NC_029646,YP_009238490.1,181,0,181,0.0
NC_018137,YP_006504093.1,294,0,294,0.0
NC_002640,NP_740321.1,618,0,618,0.0
NC_001348,NP_040131.1,397,0,397,0.0
NC_007605,YP_401647.1,319,0,319,0.0
NC_011203,YP_002213787.1,147,22,103,0.14965986394557823
NC_006273,YP_081459.1,235,24,187,0.10212765957446808
NC_009827,YP_009272666.1,261,0,261,0.0
NC_001348,NP_040124.1,109,24,85,0.22018348623853212
NC_001489,NP_740554.1,107,0,107,0.0
NC_001563,NP_776017.1,131,0,131,0.0
NC_011203,YP_002213836.1,300,10,290,0.03333333333333333
NC_010956,YP_001974453.1,944,0,944,0.0
NC_010956,YP_001974425.1,449,0,449,0.0
NC_035889,YP_009430306.1,23,0,23,0.0
NC_001348,NP_040172.1,436,183,253,0.4197247706422018
NC_001348,NP_040126.1,180,0,180,0.0
NC_009996,YP_001552442.1,460,0,460,0.0
NC_009942,YP_001527880.1,501,0,501,0.0
NC_009334,YP_001129505.1,470,0,470,0.0
NC_030791,YP_009272686.1,54,0,54,0.0
NC_001472,NP_740541.1,150,0,150,0.0
NC_012959,YP_003038612.1,954,0,954,0.0
NC_011203,YP_002213830.1,449,0,449,0.0
NC_001430,NP_740419.1,89,0,89,0.0
NC_007605,YP_401714.1,127,0,127,0.0
NC_001498,NP_056924.1,2184,0,2184,0.0
NC_007605,YP_401666.1,163,0,163,0.0
NC_009334,YP_001129438.1,1319,0,1319,0.0
NC_006273,YP_004940329.1,91,6,85,0.06593406593406594
NC_001348,YP_053044.1,130,23,107,0.17692307692307693
NC_035889,YP_009430307.1,251,0,251,0.0
NC_001796,NP_067150.1,354,0,354,0.0
NC_009334,YP_001129451.1,365,0,365,0.0
NC_038882,YP_009709870.1,591,0,591,0.0
NC_010956,YP_001974426.1,1177,0,1177,0.0
NC_001348,NP_040180.1,222,0,222,0.0
NC_007573,YP_392515.1,151,5,146,0.033112582781456956
NC_004718,YP_009944366.1,180,0,180,0.0
NC_003977,YP_009173868.3,184,0,184,0.0
NC_012959,YP_003038629.1,121,0,121,0.0
NC_012959,YP_003038621.1,416,22,356,0.052884615384615384
NC_006273,YP_081494.1,642,0,642,0.0
NC_035889,YP_009430305.1,127,0,127,0.0
NC_014395,YP_003848706.1,266,0,266,0.0
NC_009823,YP_009272622.1,367,0,367,0.0
NC_001436,NP_955619.1,1118,0,1118,0.0
NC_006273,YP_081557.1,426,0,426,0.0
NC_001489,NP_740557.1,23,0,23,0.0
NC_001474,NP_739583.2,495,0,495,0.0
NC_011202,YP_002213828.1,326,0,326,0.0
NC_010956,YP_001974468.1,636,0,636,0.0
NC_011203,YP_002213775.1,193,0,193,0.0
NC_009334,YP_001129453.1,303,0,303,0.0
NC_048213,YP_009825000.1,65,0,65,0.0
NC_006273,YP_081522.1,473,0,438,0.0
NC_006273,YP_081462.1,219,20,172,0.091324200913242
NC_001348,NP_040189.1,355,24,311,0.0676056338028169
NC_001348,NP_040168.1,200,0,200,0.0
NC_001699,NP_043508.1,72,10,62,0.1388888888888889
NC_001802,NP_579895.1,345,0,345,0.0
NC_001430,NP_740416.1,143,0,143,0.0
NC_001434,YP_003864075.1,115,0,115,0.0
NC_038235,YP_009518857.1,575,24,527,0.04173913043478261
NC_011203,YP_002213776.1,350,0,350,0.0
NC_006273,YP_081474.1,103,11,92,0.10679611650485436
NC_001348,NP_040166.1,677,0,677,0.0
NC_027026,YP_009137510.1,2302,0,2302,0.0
NC_007605,YP_401690.1,691,0,691,0.0
NC_006273,YP_081574.1,306,7,280,0.02287581699346405
NC_001348,NP_040138.1,407,242,165,0.5945945945945946
NC_006273,YP_081457.1,112,0,105,0.0
NC_001348,NP_040193.1,1311,0,1311,0.0
NC_007605,YP_401716.1,472,0,472,0.0
NC_006273,YP_081496.1,489,49,440,0.10020449897750511
NC_007605,YP_401655.1,827,0,827,0.0
NC_018137,YP_006504092.1,246,0,246,0.0
NC_003977,YP_009173857.1,213,0,213,0.0
NC_006273,YP_081540.1,595,0,595,0.0
NC_009334,YP_001129506.1,313,167,146,0.5335463258785943
NC_006273,YP_081554.1,251,0,251,0.0
NC_007605,YP_401631.1,498,251,247,0.5040160642570282
NC_006273,YP_081604.1,241,148,93,0.6141078838174274
NC_001348,NP_040162.2,223,95,128,0.4260089686098655
NC_010956,YP_001974469.1,131,0,131,0.0
NC_011202,YP_002213824.1,92,51,41,0.5543478260869565
NC_039477,YP_009518844.1,332,0,332,0.0
NC_003045,NP_150074.1,4384,59,4325,0.013458029197080291
NC_006273,YP_081463.1,60,20,40,0.3333333333333333
NC_006273,YP_081487.2,701,0,701,0.0
NC_044047,YP_009684407.1,364,0,364,0.0
NC_007605,YP_401720.3,99,0,99,0.0
NC_007605,YP_401708.1,430,0,430,0.0
NC_011509,YP_002302229.1,398,0,398,0.0
NC_011203,YP_002213778.1,251,0,251,0.0
NC_009996,YP_001552432.1,67,0,67,0.0
NC_010956,YP_001974464.1,131,0,131,0.0
NC_001802,NP_579876.2,132,0,132,0.0
NC_012959,YP_003038609.1,329,0,329,0.0
NC_038882,YP_009709866.1,631,0,631,0.0
NC_003045,NP_150080.1,110,0,110,0.0
NC_001427,NP_595041.1,92,0,92,0.0
NC_001593,NP_041845.1,106,0,106,0.0
NC_038294,YP_009944285.1,306,0,306,0.0
NC_009827,YP_009272662.1,63,0,63,0.0
NC_040876,YP_009555236.1,366,0,366,0.0
NC_038306,YP_009508930.1,69,0,69,0.0
NC_009823,YP_009272629.1,591,0,591,0.0
NC_006273,YP_081544.1,708,0,708,0.0
NC_006269,YP_077278.1,2281,0,2281,0.0
NC_001348,NP_040191.1,181,0,181,0.0
NC_044854,YP_009701464.1,181,0,181,0.0
NC_001538,YP_717936.1,67,0,62,0.0
NC_012532,YP_009227199.1,352,0,352,0.0
NC_009825,YP_009272639.1,217,0,217,0.0
NC_003977,YP_009173871.1,227,90,137,0.3964757709251101
NC_006269,YP_077280.1,166,11,155,0.06626506024096386
NC_001472,NP_740537.1,69,0,69,0.0
NC_001538,YP_717940.1,696,0,696,0.0
NC_000858,NP_049559.1,167,0,167,0.0
NC_001897,NP_740735.1,26,0,26,0.0
NC_014397,YP_003848704.1,2093,0,2093,0.0
NC_006273,YP_081527.1,296,0,296,0.0
NC_001348,NP_040147.1,270,20,250,0.07407407407407407
NC_006273,YP_081502.1,434,0,434,0.0
NC_001781,NP_056864.1,196,0,196,0.0
NC_001547,NP_740671.1,807,0,807,0.0
NC_001526,NP_041330.2,84,0,84,0.0
NC_019843,YP_009047222.1,140,0,140,0.0
NC_010956,YP_001974472.1,118,0,118,0.0
NC_044856,YP_009701440.1,363,0,363,0.0
NC_012959,YP_003038608.1,197,0,197,0.0
NC_038306,YP_009508934.1,150,0,150,0.0
NC_039199,YP_009513269.1,188,0,188,0.0
NC_038306,YP_009508938.1,22,0,22,0.0
NC_001430,NP_740739.1,242,0,242,0.0
NC_009827,YP_009272660.1,192,0,192,0.0
NC_044854,YP_009701462.1,199,0,199,0.0
NC_045512,YP_009725303.1,83,0,83,0.0
NC_011203,YP_002213780.1,210,0,210,0.0
NC_039477,YP_009518845.1,366,0,366,0.0
NC_011203,YP_002213767.1,493,0,493,0.0
NC_035889,YP_009430301.1,352,0,352,0.0
NC_030791,YP_009272682.1,367,0,367,0.0
NC_006273,YP_081509.1,399,0,399,0.0
NC_006213,YP_009924328.1,137,0,137,0.0
NC_001355,NP_040303.1,460,0,460,0.0
NC_048213,YP_009825005.1,410,0,410,0.0
NC_001437,NP_775663.1,127,0,127,0.0
NC_011203,YP_002213779.1,945,0,945,0.0
NC_001612,NP_740532.1,329,0,329,0.0
NC_011203,YP_002213785.1,228,0,228,0.0
NC_001549,NP_054373.1,224,0,224,0.0
NC_002200,NP_054710.1,376,0,376,0.0
NC_003977,YP_009173869.1,390,107,283,0.2743589743589744
NC_030791,YP_009272689.1,591,0,591,0.0
NC_001427,NP_056773.1,217,0,217,0.0
NC_038294,YP_009944297.1,292,0,292,0.0
NC_004102,NP_751921.1,363,0,363,0.0
NC_007605,YP_401725.1,78,0,78,0.0
NC_001542,NP_056795.1,203,0,203,0.0
NC_004102,NP_751923.1,217,0,217,0.0
NC_001436,NP_955618.1,215,0,215,0.0
NC_001475,YP_001531164.2,100,0,100,0.0
NC_007605,YP_401676.1,538,0,538,0.0
NC_002058,NP_740469.1,272,0,272,0.0
NC_009996,YP_001552439.1,75,0,75,0.0
NC_011203,YP_002213789.1,180,23,139,0.12777777777777777
NC_038270,YP_009505434.1,516,0,516,0.0
NC_001802,NP_579882.1,14,0,14,0.0
NC_011202,YP_002213812.1,949,0,949,0.0
NC_006273,YP_081489.1,122,0,122,0.0
NC_001547,NP_740669.1,616,0,616,0.0
NC_001526,NP_041332.2,506,0,506,0.0
NC_011203,YP_002213794.1,137,0,137,0.0
NC_011203,YP_002213768.1,139,0,139,0.0
NC_001612,NP_740535.1,183,0,183,0.0
NC_001498,NP_056920.1,187,0,187,0.0
NC_006273,YP_081460.1,415,21,363,0.05060240963855422
NC_006273,YP_081601.1,310,150,160,0.4838709677419355
NC_005300,NP_950235.1,1685,42,1624,0.024925816023738872
NC_001563,YP_009164951.1,92,0,92,0.0
NC_002640,NP_740324.1,245,0,245,0.0
NC_010956,YP_001974470.1,293,0,293,0.0
NC_001357,NP_040312.1,658,0,658,0.0
NC_001436,NP_955621.1,176,0,176,0.0
NC_009334,YP_001129465.1,1070,0,1070,0.0
NC_001563,NP_776013.1,75,0,75,0.0
NC_029645,YP_009237933.1,362,0,362,0.0
NC_001475,YP_001531166.1,166,0,166,0.0
NC_011203,YP_002213774.1,545,0,545,0.0
NC_003977,YP_009173870.1,282,96,186,0.3404255319148936
NC_010956,YP_001974459.1,168,22,120,0.13095238095238096
NC_001434,NP_056779.1,1694,0,1694,0.0
NC_001802,NP_579883.1,52,0,52,0.0
NC_011508,YP_002302228.1,836,0,836,0.0
NC_001472,NP_740544.1,89,0,89,0.0
NC_001414,NP_777385.2,515,0,515,0.0
NC_004102,NP_751920.1,192,0,192,0.0
NC_009823,YP_009272626.1,54,16,38,0.2962962962962963
NC_006273,YP_081517.1,743,0,743,0.0
NC_006273,YP_081520.1,389,0,389,0.0
NC_004102,NP_751919.1,191,0,191,0.0
NC_039199,YP_009513267.1,255,14,241,0.054901960784313725
NC_001348,NP_040135.1,662,25,637,0.0377643504531722
NC_001542,NP_056793.1,451,0,451,0.0
NC_001357,NP_040313.1,366,0,366,0.0
NC_004297,NP_694872.1,2219,0,2219,0.0
NC_040876,YP_009684403.1,173,0,173,0.0
NC_009334,YP_001129468.1,606,0,606,0.0
NC_007605,YP_401726.1,273,0,273,0.0
NC_006273,YP_081547.1,372,181,191,0.48655913978494625
NC_006273,YP_081555.1,279,0,248,0.0
NC_004455,NP_758886.1,518,0,518,0.0
NC_038294,YP_009944299.1,199,0,199,0.0
NC_030791,YP_009272684.1,217,0,217,0.0
NC_001348,NP_040188.1,394,0,394,0.0
NC_006273,YP_081524.1,326,0,326,0.0
NC_004718,NP_828860.2,180,0,180,0.0
NC_044855,YP_009701455.1,365,0,365,0.0
NC_002058,NP_740476.2,183,0,183,0.0
NC_009826,YP_009272651.1,217,0,217,0.0
NC_011203,YP_002213792.1,92,51,41,0.5543478260869565
NC_006273,YP_081545.1,585,0,585,0.0
NC_039199,YP_009513268.1,540,23,499,0.04259259259259259
NC_006273,YP_081525.1,637,10,627,0.015698587127158554
NC_009334,YP_001129473.1,256,0,256,0.0
NC_003899,YP_913809.1,483,0,483,0.0
NC_044047,YP_009684409.1,133,0,133,0.0
NC_010956,YP_001974424.1,135,0,135,0.0
NC_007605,YP_401645.1,661,0,661,0.0
NC_012959,YP_003038627.1,293,0,293,0.0
NC_006273,YP_081558.1,346,25,299,0.07225433526011561
NC_009334,YP_001129471.1,642,0,642,0.0
NC_001781,NP_056863.1,575,23,528,0.04
NC_006273,YP_081468.2,325,22,265,0.06769230769230769
NC_006273,YP_081548.1,874,0,874,0.0
NC_012532,YP_009227197.1,168,0,168,0.0
NC_044932,YP_009701452.1,181,0,181,0.0
NC_007605,YP_401669.1,945,0,945,0.0
NC_002058,NP_740472.1,97,0,97,0.0
NC_011202,YP_002213846.1,142,0,142,0.0
NC_009334,YP_001129458.1,219,0,219,0.0
NC_009334,YP_001129508.1,858,20,817,0.023310023310023312
NC_009826,YP_009272647.1,191,0,191,0.0
NC_001796,NP_067148.1,516,0,516,0.0
NC_009334,YP_001129457.1,875,0,875,0.0
NC_039199,YP_009513271.1,184,23,161,0.125
NC_011202,YP_002213808.1,193,0,193,0.0
NC_001434,NP_056788.1,661,0,639,0.0
NC_005222,NP_941982.1,2152,0,2152,0.0
NC_006273,YP_081619.1,789,0,789,0.0
NC_018138,YP_006519138.1,516,0,516,0.0
NC_006273,YP_081609.1,502,0,502,0.0
NC_002058,NP_740471.1,302,0,302,0.0
NC_006273,YP_081470.1,255,15,212,0.058823529411764705
NC_001451,NP_740627.1,111,0,111,0.0
NC_006273,YP_081566.1,130,0,111,0.0
NC_006273,YP_081579.1,241,24,217,0.0995850622406639
NC_012959,YP_003038610.1,75,0,75,0.0
NC_040876,YP_009684404.1,181,0,181,0.0
NC_001796,NP_599250.1,374,0,374,0.0
NC_001959,NP_786949.1,181,0,181,0.0
NC_007605,YP_401633.1,1319,0,1319,0.0
NC_009826,YP_009272653.1,54,0,54,0.0
NC_002640,NP_740320.1,130,0,130,0.0
NC_030791,YP_009272688.1,446,0,446,0.0
NC_007571,YP_392513.1,333,0,286,0.0
NC_009942,YP_001527879.1,75,0,75,0.0
NC_001781,NP_056856.1,140,0,140,0.0
NC_001617,NP_740399.1,21,0,21,0.0
NC_012959,YP_003038606.1,565,0,565,0.0
NC_007605,YP_401712.1,1016,0,1016,0.0
NC_006273,YP_081507.1,76,0,76,0.0
NC_007605,YP_401700.1,707,23,667,0.03253182461103253
NC_011202,YP_002213852.1,519,0,519,0.0
NC_029645,YP_009237932.1,329,0,329,0.0
NC_002200,NP_054712.1,58,23,35,0.39655172413793105
NC_009334,YP_001129488.1,226,0,226,0.0
NC_011203,YP_002213765.1,262,0,262,0.0
NC_035889,YP_009430299.1,75,0,75,0.0
NC_003045,NP_150083.1,449,0,449,0.0
NC_001348,NP_040192.1,279,0,279,0.0
NC_009334,YP_001129482.1,430,0,430,0.0
NC_038235,YP_009518856.1,299,23,276,0.07692307692307693
NC_006273,YP_081556.1,314,0,290,0.0
NC_038294,YP_009944301.1,140,0,140,0.0
NC_002200,NP_054711.1,539,26,494,0.04823747680890538
NC_001436,NP_955620.2,488,0,488,0.0
NC_011202,YP_002213818.1,228,0,228,0.0
NC_012959,YP_003038597.1,254,0,254,0.0
NC_012959,YP_003038604.1,635,0,635,0.0
NC_004102,NP_751922.1,63,0,63,0.0
NC_009334,YP_001129452.1,827,0,827,0.0
NC_001699,NP_043513.1,173,0,173,0.0
NC_006273,YP_081504.1,291,0,291,0.0
NC_003045,NP_150081.1,85,26,59,0.3058823529411765
NC_011203,YP_002213773.1,589,0,589,0.0
NC_011202,YP_002213847.1,300,36,264,0.12
NC_009826,YP_009272656.1,591,0,591,0.0
NC_001348,NP_040142.1,776,0,776,0.0
NC_039475,YP_009538338.1,181,0,181,0.0
NC_001475,YP_001531174.2,23,0,23,0.0
NC_001348,NP_040128.1,341,135,206,0.39589442815249265
NC_012959,YP_003038628.1,80,0,80,0.0
NC_009334,YP_001129466.1,224,20,198,0.08928571428571429
NC_007605,YP_401695.1,421,24,397,0.057007125890736345
NC_009824,YP_001491555.1,261,0,261,0.0
NC_006273,YP_081569.1,76,17,35,0.2236842105263158
NC_007605,YP_401663.1,219,0,219,0.0
NC_009334,YP_001129479.1,406,192,214,0.4729064039408867
NC_008311,YP_724459.1,124,0,124,0.0
NC_006273,YP_081575.1,339,22,290,0.06489675516224189
NC_012532,YP_009227208.1,75,0,75,0.0
NC_009826,YP_009272655.1,450,0,450,0.0
NC_001414,NP_777382.1,69,0,69,0.0
NC_011202,YP_002213822.1,182,23,141,0.12637362637362637
NC_011203,YP_002213777.1,76,0,76,0.0
NC_010956,YP_001974452.1,75,0,75,0.0
NC_001802,NP_787042.1,16,0,16,0.0
NC_001348,NP_040160.1,842,22,804,0.026128266033254157
NC_009823,YP_009272627.1,261,0,261,0.0
NC_001348,NP_040149.1,586,0,586,0.0
NC_006273,YP_081480.1,124,0,124,0.0
NC_005148,NP_937957.1,234,0,234,0.0
NC_007605,YP_401652.1,3150,0,3150,0.0
NC_006273,YP_081577.1,139,28,98,0.2014388489208633
NC_006273,YP_081519.1,362,0,362,0.0
NC_001593,NP_041844.1,155,0,155,0.0
NC_030791,YP_009272683.1,63,0,63,0.0
NC_009334,YP_001129512.1,222,0,204,0.0
NC_012959,YP_003038619.1,189,24,150,0.12698412698412698
NC_006273,YP_081497.1,332,0,332,0.0
NC_007605,YP_401670.1,939,0,939,0.0
NC_011202,YP_002213848.1,123,0,123,0.0
NC_038882,YP_009709867.1,54,0,54,0.0
NC_001348,NP_040134.1,820,0,820,0.0
NC_005302,NP_950237.1,483,0,483,0.0
NC_038294,YP_009944286.1,292,0,292,0.0
NC_001796,NP_067151.1,540,25,497,0.046296296296296294
NC_009942,YP_009246339.1,280,0,280,0.0
NC_006273,YP_002802310.2,71,25,46,0.352112676056338
NC_001477,NP_722466.2,100,0,100,0.0
NC_011203,YP_002213837.1,123,0,123,0.0
NC_001802,NP_579880.1,231,0,231,0.0
NC_009827,YP_009272665.1,54,0,54,0.0
NC_001475,YP_001531170.2,218,0,218,0.0
NC_009334,YP_001129436.1,498,254,244,0.5100401606425703
NC_001461,NP_776269.1,347,0,347,0.0
NC_009334,YP_001129455.1,358,229,129,0.6396648044692738
NC_002058,NP_740475.1,22,0,22,0.0
NC_009825,YP_009272643.1,445,0,445,0.0
NC_010956,YP_001974467.1,130,41,89,0.3153846153846154
NC_002058,NP_740477.1,149,0,149,0.0
NC_007605,YP_401662.1,875,0,875,0.0
NC_001526,NP_041326.1,99,0,99,0.0
NC_001348,NP_040144.1,1039,0,1039,0.0
NC_006383,YP_133822.1,510,0,510,0.0
NC_009334,YP_001129444.1,526,0,526,0.0
NC_011203,YP_002213840.1,126,0,126,0.0
NC_011202,YP_002213815.1,813,0,813,0.0
NC_006273,YP_081593.1,228,27,181,0.11842105263157894
NC_006273,YP_081610.1,604,0,604,0.0
NC_001612,NP_740531.1,99,0,99,0.0
NC_006273,YP_081508.1,571,0,571,0.0
NC_002640,NP_740318.1,352,0,352,0.0
NC_001430,NP_740412.1,69,0,69,0.0
NC_006273,YP_081528.1,709,0,709,0.0
NC_003045,NP_150075.1,279,0,279,0.0
NC_001477,NP_722460.2,495,0,495,0.0
NC_006273,YP_081616.1,184,0,184,0.0
NC_006273,YP_081513.1,1243,0,1243,0.0
NC_012532,YP_009227209.1,23,0,23,0.0
NC_011203,YP_002213788.1,173,27,127,0.15606936416184972
NC_009334,YP_001129491.1,421,24,397,0.057007125890736345
NC_009996,YP_001552440.1,22,0,22,0.0
NC_011202,YP_002213805.1,389,0,389,0.0
NC_000940,NP_051035.1,2255,0,2255,0.0
NC_001699,NP_043510.1,226,0,226,0.0
NC_006273,YP_081499.1,79,25,54,0.31645569620253167
NC_001348,NP_040152.1,1205,0,1205,0.0
NC_001477,NP_722461.1,352,0,352,0.0
NC_001461,NP_776262.1,195,0,195,0.0
NC_004718,NP_828864.1,290,16,274,0.05517241379310345
NC_001437,NP_775670.1,619,0,619,0.0
NC_001498,NP_056923.1,618,23,595,0.0372168284789644
NC_045512,YP_009725306.1,139,0,139,0.0
NC_001538,YP_717941.1,173,0,173,0.0
NC_011202,YP_002213798.1,263,0,263,0.0
NC_007605,YP_401639.1,384,0,384,0.0
NC_007605,YP_401684.3,710,0,710,0.0
NC_006273,YP_081521.1,136,23,96,0.16911764705882354
NC_012959,YP_003038616.1,125,0,125,0.0
NC_010956,YP_001974474.1,126,0,126,0.0
NC_007605,YP_401701.1,608,0,608,0.0
NC_038235,YP_009518851.1,125,0,125,0.0
NC_001474,NP_739582.2,166,0,166,0.0
NC_009826,YP_009272652.1,631,0,631,0.0
NC_010956,YP_001974462.1,92,47,45,0.5108695652173914
NC_011503,YP_002302222.1,327,0,278,0.0
NC_001348,NP_040141.1,307,0,307,0.0
NC_006273,YP_081588.1,157,0,157,0.0
NC_009334,YP_001129494.1,751,0,751,0.0
NC_048213,YP_009825002.1,226,70,156,0.30973451327433627
NC_009825,YP_009272638.1,63,0,63,0.0
NC_004455,NP_758889.1,100,0,100,0.0
NC_001355,NP_040298.1,650,0,650,0.0
NC_011203,YP_002213766.1,179,0,179,0.0
NC_018136,YP_006504091.1,2085,0,2085,0.0
NC_004102,NP_751926.1,261,0,261,0.0
NC_009827,YP_009272661.1,368,0,368,0.0
NC_001430,NP_740422.1,457,0,457,0.0
NC_006273,YP_081587.1,848,0,848,0.0
NC_019843,YP_009047213.1,193,0,193,0.0
NC_009826,YP_009272648.1,192,0,192,0.0
NC_009825,YP_009272640.1,631,0,631,0.0
NC_030791,YP_009272680.1,191,0,191,0.0
NC_009334,YP_001129481.1,471,0,471,0.0
NC_001348,NP_040137.1,561,26,514,0.04634581105169341
NC_035889,YP_009430304.1,617,0,617,0.0
NC_006273,YP_081615.1,162,0,162,0.0
NC_029647,YP_009238497.1,181,0,181,0.0
NC_001348,NP_040176.1,770,0,770,0.0
NC_007605,YP_401682.1,614,0,614,0.0
NC_009334,YP_001129442.1,192,20,172,0.10416666666666667
NC_006273,YP_081571.1,121,0,100,0.0
NC_002058,YP_007353734.1,644,0,644,0.0
NC_001348,NP_040132.1,303,0,303,0.0
NC_007605,YP_401707.1,925,0,925,0.0
NC_006273,YP_081534.1,1371,0,1371,0.0
NC_039475,YP_009528581.1,333,0,333,0.0
NC_038306,YP_009508940.1,462,0,462,0.0
NC_039199,YP_009513273.1,2006,0,2006,0.0
NC_004455,NP_758893.1,186,0,186,0.0
NC_044047,YP_009684406.1,333,0,333,0.0
NC_011202,YP_002213849.1,118,0,118,0.0
NC_004102,NP_803144.1,631,0,631,0.0
NC_048213,YP_009825003.1,66,0,66,0.0
NC_001563,NP_776020.1,23,0,23,0.0
NC_004102,NP_751927.1,448,0,448,0.0
NC_012959,YP_003038624.1,128,24,86,0.1875
NC_039199,YP_009513270.1,72,0,72,0.0
NC_007570,YP_392512.1,396,0,396,0.0
NC_003899,NP_740648.1,441,0,441,0.0
NC_001437,NP_775671.1,126,0,126,0.0
NC_004718,YP_009924301.1,8,0,8,0.0
NC_014396,YP_003848705.1,1198,54,1127,0.045075125208681135
NC_019843,YP_009047236.1,199,0,199,0.0
NC_010956,YP_001974461.1,263,24,221,0.09125475285171103
NC_010956,YP_001974457.1,228,0,228,0.0
NC_048214,YP_009825038.1,145,0,145,0.0
NC_006273,YP_081582.1,81,23,58,0.2839506172839506
NC_002200,NP_054713.1,583,24,559,0.0411663807890223
NC_048213,YP_009825004.1,83,0,83,0.0
NC_006273,YP_081600.1,263,147,116,0.55893536121673
NC_038306,YP_009508931.1,255,0,255,0.0
NC_007605,YP_401678.1,138,0,116,0.0
NC_001549,NP_687035.1,1473,0,1473,0.0
NC_001348,NP_040178.2,197,0,197,0.0
NC_001477,NP_733811.1,249,0,249,0.0
NC_007605,YP_401713.1,858,20,817,0.023310023310023312
NC_038235,YP_009518853.1,242,0,242,0.0
NC_011203,YP_002213838.1,118,0,118,0.0
NC_001563,NP_776010.1,105,0,105,0.0
NC_011203,YP_002213782.1,829,0,829,0.0
NC_001348,NP_040186.1,181,0,181,0.0
NC_003899,YP_006491234.1,91,26,65,0.2857142857142857
NC_001653,NP_077804.1,196,0,196,0.0
NC_012959,YP_003038620.1,158,24,117,0.1518987341772152
NC_012959,YP_003038614.1,491,0,491,0.0
NC_011203,YP_002213833.1,518,0,518,0.0
NC_001593,NP_041846.1,385,0,385,0.0
NC_012959,YP_003038632.1,126,0,126,0.0
NC_001549,NP_054371.1,119,0,119,0.0
NC_011202,YP_002213851.1,126,0,126,0.0
NC_001474,NP_739585.2,218,0,218,0.0
NC_007605,YP_401640.1,384,0,384,0.0
NC_009334,YP_001129437.1,379,254,125,0.6701846965699209
NC_009334,YP_001129483.1,154,0,154,0.0
NC_009996,YP_001552437.1,99,0,99,0.0
NC_035889,YP_009430302.1,226,0,226,0.0
NC_001563,NP_776021.1,256,0,256,0.0
NC_003899,NP_740645.1,63,0,63,0.0
NC_006273,YP_081490.1,596,0,596,0.0
NC_009334,YP_001129487.1,507,0,507,0.0
NC_002058,NP_740478.2,461,0,461,0.0
NC_001802,NP_579881.1,55,0,55,0.0
NC_038307,YP_009505604.1,2186,11,2175,0.005032021957913998
NC_009334,YP_001129447.1,592,0,592,0.0
NC_001357,NP_040314.1,89,0,89,0.0
NC_019843,YP_009047238.1,140,0,140,0.0
NC_001498,NP_056919.1,508,0,508,0.0
NC_011202,YP_002213845.1,53,0,53,0.0
NC_007605,YP_401724.1,154,0,154,0.0
NC_009334,YP_001129454.1,405,0,405,0.0
NC_035889,YP_009430303.1,130,0,130,0.0
NC_038306,YP_009508935.1,99,0,99,0.0
NC_006273,YP_081505.1,984,0,984,0.0
NC_048213,YP_009825001.1,110,25,85,0.22727272727272727
NC_029645,YP_009237934.1,184,0,184,0.0
NC_007605,YP_401656.1,303,0,303,0.0
NC_001414,NP_777383.1,127,0,127,0.0
NC_001474,NP_739588.2,127,0,127,0.0
NC_007605,YP_401686.1,76,0,76,0.0
NC_006273,YP_081580.1,309,13,296,0.042071197411003236
NC_001593,NP_597792.1,83,0,83,0.0
NC_007605,YP_401659.1,480,0,480,0.0
NC_000858,NP_049561.1,246,0,246,0.0
NC_004296,NP_694869.1,570,0,570,0.0
NC_006273,YP_081510.1,158,0,158,0.0
NC_009334,YP_001129469.1,311,0,311,0.0
NC_001348,NP_040136.1,302,0,302,0.0
NC_001472,NP_740542.1,99,0,99,0.0
NC_002200,NP_054714.1,2262,0,2262,0.0
NC_001437,NP_775664.1,167,0,167,0.0
NC_001348,NP_040157.1,580,0,580,0.0
NC_001617,NP_740400.1,183,0,183,0.0
NC_001348,NP_040177.1,882,0,882,0.0
NC_001451,NP_740634.1,673,0,673,0.0
NC_001430,NP_740742.1,310,0,310,0.0
NC_001348,NP_040173.1,836,0,836,0.0
NC_009942,YP_001527884.1,619,0,619,0.0
NC_011505,YP_002302225.1,93,0,93,0.0
NC_010956,YP_001974431.1,733,0,733,0.0
NC_003045,NP_150079.1,46,8,38,0.17391304347826086
NC_003899,YP_913811.1,532,0,532,0.0
NC_001593,NP_041847.1,464,0,464,0.0
NC_002058,NP_740468.1,68,0,68,0.0
NC_001437,NP_775673.1,255,0,255,0.0
NC_007605,YP_401722.1,387,124,263,0.32041343669250644
NC_010956,YP_001974450.1,195,0,195,0.0
NC_006273,YP_081537.1,675,0,675,0.0
NC_039475,YP_009528582.1,366,0,366,0.0
NC_002640,YP_009164957.1,91,0,91,0.0
NC_010956,YP_001974446.1,496,0,496,0.0
NC_009334,YP_001129463.1,926,0,926,0.0
NC_006273,YP_081523.1,743,20,696,0.026917900403768506
NC_009334,YP_001129498.1,249,0,249,0.0
NC_001538,YP_717939.1,363,0,363,0.0
NC_001549,NP_054369.1,514,0,514,0.0
NC_019843,YP_009047218.1,292,0,292,0.0
NC_019843,YP_009047217.1,306,0,306,0.0
NC_007605,YP_401646.1,192,20,172,0.10416666666666667
NC_006273,YP_081531.1,562,0,562,0.0
NC_038882,YP_009709865.1,217,0,217,0.0
NC_009334,YP_001129478.1,710,0,710,0.0
NC_006273,YP_081495.1,477,0,477,0.0
NC_001437,NP_775672.1,23,0,23,0.0
NC_038294,YP_009944290.1,140,0,140,0.0
NC_001348,NP_040125.2,222,0,222,0.0
NC_003899,NP_740646.1,420,0,420,0.0
NC_009334,YP_001129462.1,887,22,856,0.02480270574971815
NC_038294,YP_009944291.1,14,0,14,0.0
NC_012959,YP_003038599.1,183,0,183,0.0
NC_038306,YP_009508933.1,295,0,295,0.0
NC_001897,NP_740734.1,117,0,117,0.0
NC_012959,YP_003038613.1,208,0,208,0.0
NC_011203,YP_002213771.1,140,44,96,0.3142857142857143
NC_006213,YP_009924325.1,89,5,84,0.056179775280898875
NC_001355,NP_040301.1,92,21,71,0.22826086956521738
NC_009334,YP_001129511.1,183,0,183,0.0
NC_001348,NP_040170.1,552,0,552,0.0
NC_029646,YP_009238492.1,330,0,330,0.0
NC_009334,YP_001129456.1,480,0,480,0.0
NC_001357,NP_040311.1,106,0,106,0.0
NC_001538,YP_717938.1,233,0,233,0.0
NC_006273,YP_081607.1,577,0,577,0.0
NC_002640,NP_740322.1,127,0,127,0.0
NC_039477,YP_009518849.1,510,0,510,0.0
NC_006273,YP_081567.1,271,26,218,0.0959409594095941
NC_014395,YP_003848707.1,246,0,246,0.0
NC_007605,YP_401638.1,384,0,384,0.0
NC_007574,YP_392516.1,694,0,694,0.0
NC_005148,YP_006355434.1,105,0,105,0.0
NC_006273,YP_081536.1,430,0,430,0.0
NC_006383,YP_133826.1,547,22,506,0.04021937842778794
NC_048213,YP_009824996.1,6632,0,6632,0.0
NC_007605,YP_401642.1,384,0,384,0.0
NC_001547,NP_740675.1,423,0,423,0.0
NC_038235,YP_009518858.1,195,0,195,0.0
NC_006273,YP_004940331.1,272,8,264,0.029411764705882353
NC_012959,YP_003038623.1,92,47,45,0.5108695652173914
NC_048214,YP_009825039.1,22,0,22,0.0
NC_001461,NP_776263.1,374,0,374,0.0
NC_004162,NP_690588.1,2475,0,2475,0.0
NC_030791,YP_009272681.1,192,0,192,0.0
NC_006273,YP_081561.1,581,0,581,0.0
NC_011202,YP_002213804.1,140,44,96,0.3142857142857143
NC_009334,YP_001129449.1,3155,0,3155,0.0
NC_006273,YP_081570.1,160,0,120,0.0
NC_039237,YP_009513240.1,3974,0,3974,0.0
NC_006273,YP_081552.1,177,0,155,0.0
NC_007605,YP_401680.1,218,0,218,0.0
NC_009334,YP_001129509.1,686,0,686,0.0
NC_001451,NP_740621.1,23,0,23,0.0
NC_001538,YP_717937.1,352,22,330,0.0625
NC_001348,NP_040171.1,82,0,82,0.0
NC_009334,YP_001129490.1,235,22,186,0.09361702127659574
NC_012959,YP_003038626.1,362,0,362,0.0
NC_001563,NP_776012.1,167,0,167,0.0
NC_009334,YP_001129467.1,246,0,246,0.0
NC_011203,YP_002213790.1,190,24,148,0.12631578947368421
NC_002058,YP_007353733.1,109,0,109,0.0
NC_002640,NP_740316.1,75,0,75,0.0
NC_006383,YP_133824.1,178,0,178,0.0
NC_039199,YP_009513265.1,395,0,395,0.0
NC_001348,NP_040153.1,771,0,771,0.0
NC_001563,NP_776019.1,126,0,126,0.0
NC_009334,YP_001129474.1,218,0,218,0.0
NC_006273,YP_081559.1,202,24,154,0.1188118811881188
NC_010956,YP_001974432.1,107,0,107,0.0
NC_009824,YP_001491551.1,369,0,369,0.0
NC_001498,NP_056921.1,336,0,336,0.0
NC_038270,YP_009505437.1,200,0,200,0.0
NC_007605,YP_401717.1,1129,0,1129,0.0
NC_007605,YP_401687.1,471,0,471,0.0
NC_038882,YP_009709862.1,192,0,192,0.0
NC_007546,YP_392489.1,885,0,885,0.0
NC_000858,NP_049558.1,429,0,429,0.0
NC_011500,YP_002302219.1,497,0,497,0.0
NC_006383,YP_133828.1,2184,0,2184,0.0
NC_006273,YP_081512.1,377,0,377,0.0
NC_002640,NP_740319.1,218,0,218,0.0
NC_006273,YP_081533.1,307,0,307,0.0
NC_006273,YP_081592.1,226,31,178,0.13716814159292035
NC_001348,NP_040129.1,1084,0,1084,0.0
NC_006273,YP_081614.1,350,25,258,0.07142857142857142
NC_001348,NP_040159.1,342,0,342,0.0
NC_011203,YP_002213786.1,107,0,107,0.0
NC_006269,YP_077279.1,162,0,162,0.0
NC_001489,NP_740551.1,246,0,246,0.0
NC_009334,YP_001129504.1,430,0,430,0.0
NC_006273,YP_081551.1,957,0,957,0.0
NC_007605,YP_401672.1,224,20,198,0.08928571428571429
NC_001414,NP_777379.1,76,0,76,0.0
NC_007547,YP_392464.1,1091,0,1091,0.0
NC_002640,NP_740314.1,113,0,113,0.0
NC_038270,YP_009505440.1,573,22,551,0.038394415357766144
NC_006273,YP_081560.1,181,22,133,0.12154696132596685
NC_007605,YP_401704.1,606,0,606,0.0
NC_007605,YP_401674.1,606,0,606,0.0
NC_006273,YP_081486.1,609,0,609,0.0
NC_001475,YP_001531175.2,248,0,248,0.0
NC_009334,YP_001129443.1,319,0,319,0.0
NC_001348,NP_040169.1,511,0,511,0.0
NC_009942,YP_001527886.1,255,0,255,0.0
NC_006273,YP_081532.1,588,0,588,0.0
NC_001593,NP_041848.1,500,0,500,0.0
NC_012532,YP_009227207.1,93,0,93,0.0
NC_006273,YP_081572.1,131,0,131,0.0
NC_009942,YP_001527882.1,231,0,231,0.0
NC_038294,YP_009944296.1,306,0,306,0.0
NC_001489,NP_740548.1,23,0,23,0.0
NC_001563,NP_776014.1,497,0,497,0.0
NC_006273,YP_081611.1,365,166,199,0.4547945205479452
NC_006273,YP_081543.1,128,0,128,0.0
NC_001348,NP_040181.1,306,0,306,0.0
NC_009996,YP_001552435.1,274,6,268,0.021897810218978103
NC_001461,NP_776267.1,683,0,683,0.0
NC_003899,NP_740647.1,57,23,34,0.40350877192982454
NC_012959,YP_003038622.1,262,23,221,0.08778625954198473
NC_001348,NP_040161.1,542,0,542,0.0
NC_006273,YP_081576.1,192,23,169,0.11979166666666667
NC_001796,NP_067149.1,604,0,604,0.0
NC_001547,YP_006491226.1,70,19,51,0.2714285714285714
NC_001348,NP_040185.1,279,0,279,0.0
NC_001612,NP_740530.1,150,0,150,0.0
NC_019843,YP_009047220.1,199,0,199,0.0
NC_006273,YP_081617.1,164,10,146,0.06097560975609756
NC_009334,YP_001129507.1,1016,0,1016,0.0
NC_027026,YP_009137511.1,168,18,150,0.10714285714285714
NC_006273,YP_081565.1,215,0,190,0.0
NC_019843,YP_009047228.1,14,0,14,0.0
NC_005218,NP_941977.1,430,22,408,0.05116279069767442
NC_009334,YP_001129501.1,606,0,606,0.0
NC_001451,NP_740628.1,145,0,145,0.0
NC_006273,YP_081541.1,346,0,346,0.0
NC_001348,NP_040182.1,160,0,139,0.0
NC_007605,YP_401643.1,384,0,384,0.0
NC_006383,YP_133825.1,336,0,336,0.0
NC_001781,NP_056859.1,242,0,242,0.0
NC_009827,YP_009272663.1,217,0,217,0.0
NC_001357,NP_040316.1,463,0,463,0.0
NC_007605,YP_401705.1,346,0,346,0.0
NC_012959,YP_003038625.1,131,0,131,0.0
NC_045512,YP_009742617.1,139,0,139,0.0
NC_011203,YP_002213831.1,1194,0,1194,0.0
NC_009826,YP_009272650.1,63,0,63,0.0
NC_001348,NP_040130.1,260,0,260,0.0
NC_038319,YP_009505617.1,2181,0,2181,0.0
NC_009825,YP_009272637.1,363,0,363,0.0
NC_048213,YP_009824997.1,3984,45,3939,0.011295180722891566
NC_009942,YP_009164953.1,92,0,92,0.0
NC_001348,NP_040179.1,72,0,72,0.0
NC_001357,NP_040317.1,569,0,569,0.0
NC_007605,YP_401719.1,222,0,204,0.0
NC_007605,YP_401644.1,488,0,488,0.0
NC_007605,YP_401694.1,235,22,186,0.09361702127659574
NC_011502,YP_002302221.1,318,0,318,0.0
NC_012532,YP_009227201.1,130,0,130,0.0
NC_002200,NP_054709.1,225,0,225,0.0
NC_006273,YP_081471.1,273,18,225,0.06593406593406594
NC_004455,NP_758890.1,102,0,102,0.0
NC_001472,NP_740545.1,22,0,22,0.0
NC_006273,YP_081455.1,311,0,311,0.0
NC_044856,YP_009701443.1,181,0,181,0.0
NC_009825,YP_009272644.1,591,0,591,0.0
NC_001547,NP_740674.1,64,0,64,0.0
NC_006273,YP_081469.1,234,21,193,0.08974358974358974
NC_004102,NP_751925.1,54,0,54,0.0
NC_011202,YP_002213806.1,588,0,588,0.0
NC_007605,YP_401668.1,149,0,149,0.0
NC_007605,YP_401692.1,508,0,508,0.0
NC_006273,YP_081503.1,907,0,907,0.0
NC_006273,YP_081539.1,202,0,202,0.0
NC_006273,YP_081492.1,413,166,247,0.4019370460048426
NC_006273,YP_081501.1,424,0,424,0.0
NC_009942,YP_009246338.1,404,21,383,0.05198019801980198
NC_001472,NP_740539.1,238,0,238,0.0
NC_007605,YP_401710.1,104,0,104,0.0
NC_001348,NP_040165.1,748,0,748,0.0
NC_007605,YP_401658.1,358,230,128,0.6424581005586593
NC_001477,NP_733809.1,130,0,130,0.0
NC_006273,YP_081583.1,81,24,57,0.2962962962962963
NC_009996,YP_001552436.1,142,0,142,0.0
NC_006273,YP_081553.1,685,0,685,0.0
NC_044855,YP_009701456.1,176,0,176,0.0
NC_004718,NP_828868.1,139,0,139,0.0
NC_029645,YP_009237936.1,181,0,181,0.0
NC_001355,NP_040304.1,501,0,501,0.0
NC_001348,NP_040174.1,772,0,772,0.0
NC_010956,YP_001974471.1,121,0,121,0.0
NC_009824,YP_001491557.1,591,0,591,0.0
NC_006273,YP_081606.1,244,149,95,0.610655737704918
NC_011203,YP_002213772.1,386,0,386,0.0
NC_011203,YP_002213791.1,78,23,55,0.2948717948717949
NC_001474,NP_739591.2,100,0,100,0.0
NC_007605,YP_401728.1,136,0,136,0.0
NC_001474,YP_009164954.1,91,0,91,0.0
NC_001437,NP_775665.1,75,0,75,0.0
NC_001474,NP_739592.2,75,0,75,0.0
NC_007605,YP_401699.3,405,0,405,0.0
NC_007605,YP_401667.1,908,23,872,0.025330396475770924
NC_012959,YP_003038601.1,136,0,136,0.0
NC_001427,NP_056774.1,122,0,122,0.0
NC_004162,NP_690589.2,1249,96,1153,0.07686148919135308
NC_002640,NP_740317.1,495,0,495,0.0
NC_007569,YP_392511.1,213,0,213,0.0
NC_001498,NP_056922.1,551,23,505,0.041742286751361164
NC_003045,NP_150078.1,30,0,30,0.0
NC_011506,YP_002302226.1,883,0,883,0.0
NC_011203,YP_002213835.1,142,0,142,0.0
NC_011202,YP_002213816.1,227,0,227,0.0
NC_003045,NP_150076.1,425,24,383,0.05647058823529412
NC_007545,YP_392488.1,313,0,313,0.0
NC_001617,NP_740398.1,76,0,76,0.0
NC_006273,YP_081464.1,150,0,124,0.0
NC_001348,NP_040183.1,468,0,468,0.0
NC_001348,NP_040145.1,2764,0,2764,0.0
NC_039199,YP_009513272.1,237,20,217,0.08438818565400844
NC_001474,NP_739581.2,114,0,114,0.0
NC_006273,YP_081562.1,492,0,492,0.0
NC_001348,NP_040139.1,409,0,409,0.0
NC_008311,YP_724456.1,510,0,510,0.0
NC_038235,YP_009518850.1,140,0,140,0.0
NC_009334,YP_001129492.1,302,0,302,0.0
NC_006273,YP_081476.1,105,0,105,0.0
NC_009942,YP_001527878.1,105,0,105,0.0
NC_001796,NP_067152.1,575,23,552,0.04
NC_009334,YP_001129513.1,99,0,99,0.0
NC_001475,YP_009164955.1,91,0,91,0.0
NC_045512,YP_009725297.1,180,0,180,0.0
NC_009334,YP_001129461.1,163,0,163,0.0
NC_038270,YP_009505439.1,540,25,497,0.046296296296296294
NC_011202,YP_002213850.1,130,0,130,0.0
NC_038882,YP_009709869.1,448,0,448,0.0
NC_001348,NP_040150.2,313,0,313,0.0
NC_001348,NP_040190.1,624,23,572,0.03685897435897436
NC_001348,YP_068406.1,88,42,46,0.4772727272727273
NC_003045,NP_150084.1,208,0,208,0.0
NC_007605,YP_401634.1,171,0,148,0.0
NC_004102,NP_751928.1,591,0,591,0.0
NC_009823,YP_009272623.1,63,0,63,0.0
NC_001897,NP_740737.1,469,0,469,0.0
NC_001498,NP_056918.1,526,0,526,0.0
NC_006273,YP_081613.1,463,18,417,0.038876889848812095
NC_001781,NP_056865.3,91,0,91,0.0
NC_006273,YP_081538.1,112,0,112,0.0
NC_006273,YP_081491.1,1050,0,1050,0.0
NC_001348,NP_040148.1,157,0,157,0.0
NC_006273,YP_081568.1,317,20,278,0.06309148264984227
NC_038235,YP_009518854.1,257,0,257,0.0
NC_007605,YP_401677.1,642,0,642,0.0
NC_001802,NP_787043.1,56,0,56,0.0
NC_012959,YP_003038611.1,234,0,234,0.0
NC_008311,YP_724458.1,165,0,165,0.0
NC_006273,YP_081511.1,669,0,669,0.0
NC_001414,NP_777384.2,1418,0,1418,0.0
NC_001348,NP_040187.1,103,25,78,0.24271844660194175
NC_011507,YP_002302227.1,1089,0,1089,0.0
NC_006273,YP_081473.1,328,23,283,0.0701219512195122
NC_004718,YP_009944375.1,139,0,139,0.0
NC_001475,YP_001531173.2,127,0,127,0.0
NC_001430,NP_740417.1,99,0,99,0.0
NC_006273,YP_081590.1,187,21,146,0.11229946524064172
NC_001437,NP_775668.1,227,0,227,0.0
NC_007605,YP_401702.1,249,0,249,0.0
NC_006273,YP_081500.1,126,22,104,0.1746031746031746
NC_009942,YP_001527881.1,352,0,352,0.0
NC_009334,YP_001129460.1,103,19,52,0.18446601941747573
NC_010956,YP_001974460.1,410,22,369,0.05365853658536585
NC_006273,YP_081546.1,191,0,191,0.0
NC_010956,YP_001974434.1,363,0,363,0.0
NC_045512,YP_009742613.1,290,0,290,0.0
NC_009996,YP_001552441.1,183,0,183,0.0
NC_010956,YP_001974429.1,236,0,236,0.0
NC_011202,YP_002213823.1,188,24,145,0.1276595744680851
NC_009334,YP_001129448.1,177,0,177,0.0
NC_011505,YP_002302224.1,199,0,199,0.0
NC_019843,YP_009047233.1,306,0,306,0.0
NC_009334,YP_001129493.1,1382,0,1382,0.0
NC_009942,YP_001527885.1,126,61,65,0.48412698412698413
NC_035889,YP_009430297.1,168,0,168,0.0
NC_007605,YP_401648.1,526,0,526,0.0
NC_001617,NP_740397.1,321,0,321,0.0
NC_009334,YP_001129464.1,1127,0,1127,0.0
NC_038294,YP_009944288.1,199,0,199,0.0
NC_038882,YP_009709863.1,363,0,363,0.0
NC_006273,YP_081549.1,250,0,250,0.0
NC_001699,NP_043512.1,689,0,689,0.0
NC_001526,YP_009268708.1,93,0,93,0.0
NC_006273,YP_081529.1,374,0,374,0.0
NC_039475,YP_009538337.1,179,0,179,0.0
NC_006273,YP_081605.1,255,155,100,0.6078431372549019
NC_006383,YP_133827.2,610,22,588,0.036065573770491806
NC_009334,YP_001129450.1,1241,0,1241,0.0
NC_001781,NP_056862.1,300,23,277,0.07666666666666666
NC_010956,YP_001974454.1,210,0,210,0.0
NC_029647,YP_009238494.1,365,0,365,0.0
NC_001547,NP_740670.1,540,0,540,0.0
NC_001437,YP_009333132.1,92,0,92,0.0
NC_011203,YP_002213832.1,659,0,659,0.0
NC_001477,NP_733810.1,127,0,127,0.0
NC_001526,NP_041331.2,474,0,474,0.0
NC_009334,YP_001129486.1,337,0,337,0.0
NC_007605,YP_401696.1,302,0,302,0.0
NC_010956,YP_001974473.1,131,0,131,0.0
NC_006273,YP_081465.1,167,17,109,0.10179640718562874
NC_007605,YP_401649.1,337,0,337,0.0
NC_038235,YP_009518859.1,91,0,91,0.0
NC_044855,YP_009701454.1,319,0,319,0.0
NC_045512,YP_009742614.1,83,0,83,0.0
NC_009823,YP_009272624.1,217,0,217,0.0
NC_006273,YP_081530.1,560,0,560,0.0
NC_001477,NP_722457.2,114,0,114,0.0
NC_009334,YP_001129503.1,249,24,208,0.0963855421686747
NC_010956,YP_001974456.1,138,0,138,0.0
NC_001348,NP_040133.1,411,0,411,0.0
NC_044856,YP_009701439.1,405,0,405,0.0
NC_001474,NP_739593.2,23,0,23,0.0
NC_001355,NP_040300.1,110,0,110,0.0
NC_003045,NP_150073.3,7095,0,7095,0.0
NC_007605,YP_401689.1,333,0,333,0.0
NC_001475,YP_001531167.1,75,0,75,0.0
NC_011202,YP_002213811.1,247,0,247,0.0
NC_004718,YP_009944376.1,13,0,13,0.0
NC_001472,NP_740547.1,462,0,462,0.0
NC_011203,YP_002213834.1,52,0,52,0.0
NC_029646,YP_009238488.1,179,0,179,0.0
NC_010956,YP_001974463.1,130,24,90,0.18461538461538463
NC_001474,NP_739584.2,352,0,352,0.0
NC_006273,YP_081563.1,151,21,111,0.1390728476821192
NC_009824,YP_001491549.1,191,0,191,0.0
NC_009827,YP_009272664.1,631,0,631,0.0
NC_003977,YP_009173866.1,833,0,833,0.0
NC_009825,YP_009272636.1,192,15,177,0.078125
NC_006273,YP_081618.1,65,0,65,0.0
NC_012532,YP_009227203.1,127,0,127,0.0
NC_007605,YP_401685.1,406,192,214,0.4729064039408867
NC_006213,YP_009924329.1,14,0,14,0.0
NC_012959,YP_003038618.1,107,0,107,0.0
NC_001355,NP_040296.1,151,0,151,0.0
NC_019843,YP_009047234.1,292,0,292,0.0
NC_001348,NP_040158.1,259,0,259,0.0
NC_009334,YP_001129439.1,171,0,148,0.0
NC_011203,YP_002213793.1,135,22,92,0.16296296296296298
NC_006273,YP_081484.1,657,0,657,0.0
NC_011202,YP_002213809.1,352,0,352,0.0
NC_011202,YP_002213842.1,1194,0,1194,0.0
NC_007605,YP_401657.1,405,0,405,0.0
NC_009996,YP_001552434.1,235,0,235,0.0
NC_006213,YP_009924324.1,287,6,281,0.020905923344947737
NC_002640,NP_740325.1,900,0,900,0.0
NC_001489,NP_740553.1,189,0,189,0.0
NC_009334,YP_001129440.1,507,0,507,0.0
NC_007605,YP_401721.1,61,20,41,0.32786885245901637
NC_010956,YP_001974422.1,252,0,252,0.0
NC_045512,YP_009725312.1,13,0,13,0.0
NC_038882,YP_009709868.1,261,0,261,0.0
NC_001781,NP_056858.1,392,0,392,0.0
NC_038235,YP_009518855.1,65,26,39,0.4
